{"train_loss": [2.145891331542622, 0.33476064679297535, 0.26979983448982237, 0.232395685125481, 0.21044489673592828, 0.18876993317495694, 0.17333383587273685, 0.16243118914690885, 0.14911470352248712, 0.14332582259720023, 0.13727182664654472, 0.13154366585341368, 0.1270790923725475, 0.12488204606554724, 0.12253769744526256, 0.11971618336710063, 0.11562940505417911, 0.11590593098239466, 0.1127561478452249, 0.11159863946112719, 0.11133864569393072, 0.11206480630419471, 0.10938120782375335, 0.10885150066830895, 0.10862009694630449, 0.10879526686939327, 0.10767545862631364, 0.1071047114377672, 0.1057005105370825, 0.10638054555112665, 0.10572338036515495], "val_loss": [0.4262196595470111, 0.3254891534646352, 0.296717282384634, 0.24022692504028478, 0.21635493698219457, 0.1864942293614149, 0.18367106591661772, 0.1665260593096415, 0.16692027946313223, 0.13076902677615485, 0.1287313454474012, 0.13604355851809183, 0.13034858213116726, 0.11622352494547765, 0.10454537067562342, 0.11043019872158766, 0.10462324755887191, 0.1068266499787569, 0.10395542221764724, 0.1044976506382227, 0.09882780599097411, 0.10877635205785434, 0.10412189519653718, 0.10344022481391828, 0.1035599634051323, 0.099000317354997, 0.09923664294183254, 0.10092324546227853, 0.10188041441142559, 0.10027418068299691, 0.10125729907304049], "val_vol": [0.018188406713306904, 0.015610632525446514, 0.014651184746374687, 0.01414615975227207, 0.012341573116524765, 0.011943845776841044, 0.010641518631018698, 0.009596306209762892, 0.009219748724717647, 0.008172150798297176, 0.0075842099225459, 0.007245137045780818, 0.006123285468978186, 0.006103557883761823, 0.005776570333788793, 0.005672966518128912, 0.005404345574788749, 0.0050791910325642675, 0.004865291547806312, 0.004762395915652935, 0.0045008413144387305, 0.004269883541079859, 0.00410706481973951, 0.004074251250131056, 0.0038753575645387173, 0.004502956270395468, 0.0037057245208416134, 0.003911792552874734, 0.003889376860267172, 0.0036831607964510718, 0.003521134795543427], "val_trust": [0.8051630407571793, 0.5737677812576294, 0.508674422899882, 0.3707555557290713, 0.31384579588969547, 0.2448017243295908, 0.24060532140235105, 0.19828655694921812, 0.20245750434696674, 0.11487284333755572, 0.10892911814153194, 0.12970355773965517, 0.11588191396246354, 0.08104427251964808, 0.0538922636769712, 0.06831701177482803, 0.05380724913751086, 0.060718315498282514, 0.055028354128201805, 0.054541221198936306, 0.042448749455312886, 0.06771805572013061, 0.05674955931802591, 0.05376758504038056, 0.055674944538623095, 0.042619410591820873, 0.04515463703622421, 0.0476819216273725, 0.05121846760933598, 0.04846937876815597, 0.05018175486475229], "val_col": [0.4843953649202983, 0.44868892431259155, 0.4369351627926032, 0.43133118997017544, 0.42939992621541023, 0.4189799949526787, 0.4158616339166959, 0.4168645689884822, 0.4112468734383583, 0.4077551414569219, 0.4106300671895345, 0.40632038315137226, 0.4077324979007244, 0.40682195375363034, 0.40338917449116707, 0.4041710210343202, 0.4046930434803168, 0.4025382287800312, 0.39998981232444447, 0.4038810084263484, 0.40023984511693317, 0.3999058740834395, 0.398896216104428, 0.4015174446006616, 0.39869920536875725, 0.4007568458716075, 0.3984624830385049, 0.40142879262566566, 0.3991863777240117, 0.3970658133427302, 0.3988807077209155]}