{"train_loss": [0.6357194591652263, 0.41672145182436166, 0.38200333606113085, 0.3622916839339516, 0.35126511292024093, 0.3416487016461112, 0.33547550981695, 0.33045082796703684, 0.3265285155989907, 0.32152260108427566, 0.3189151563427665, 0.3186925362456929, 0.31448572223836724, 0.3115667093883861, 0.3102215425534682, 0.3087869882583618, 0.30659815018827263, 0.30591754750771954, 0.3067857406356118, 0.3023576535961845, 0.3033682265064933, 0.30180506760423836, 0.29975527091459797, 0.29889000220732254, 0.2996935492212122, 0.29832636172121224, 0.29665983156724407, 0.2979051934047179, 0.29590854482217266, 0.2954828674143011, 0.29426449754021383, 0.2942438293587078, 0.2940801111134616, 0.2935363471508026, 0.2929326257922433, 0.2916095977479761, 0.2913745755499059, 0.29026544744318183, 0.28986058235168455], "val_loss": [0.4207169935107231, 0.42089738696813583, 0.3915845677256584, 0.389317087829113, 0.3504943326115608, 0.3620094234744708, 0.37350895007451373, 0.33984048912922543, 0.3329133962591489, 0.33971057087183, 0.33065209289391834, 0.3310881555080414, 0.3301841492454211, 0.32563750197490055, 0.32028578966856003, 0.3215203906099002, 0.31284376978874207, 0.32006964832544327, 0.3070482015609741, 0.31955602765083313, 0.3002553954720497, 0.3123985826969147, 0.3115271230538686, 0.29765062282482785, 0.3151078869899114, 0.31779254227876663, 0.31736018011967343, 0.3063235854109128, 0.3142082989215851, 0.3089187170068423, 0.30847889681657154, 0.31526683767636615, 0.3091395099957784, 0.3048606539765994, 0.30924950788418454, 0.30872785300016403, 0.30746600528558093, 0.3165558452407519, 0.3038766284783681], "val_vol": [0.00880136371900638, 0.008021830309492847, 0.0073338516522198915, 0.006767690181732178, 0.006420584667163591, 0.006144201072553794, 0.005919266686153908, 0.0056911328962693615, 0.005492060134808223, 0.005347541106554369, 0.005039262934587896, 0.005186309843945007, 0.0049556768499314785, 0.004827310020724933, 0.004752650352505346, 0.004938039463013411, 0.0044760242841827376, 0.004425024885373811, 0.004496170169052978, 0.004465596265314768, 0.00445495640936618, 0.004451540143539508, 0.00454839887485529, 0.0043420949174712105, 0.004293718472278367, 0.004340004563952486, 0.004181987567183872, 0.004235761453552793, 0.0046239452591786785, 0.004242746043018997, 0.004522210607926051, 0.004328937560785562, 0.004253780314077933, 0.004202486132271588, 0.004308137111365795, 0.004267887677997351, 0.004333440447226167, 0.004325432896924515, 0.004186677765877296], "val_trust": [0.5109364142020544, 0.5135357628266016, 0.4276125157872836, 0.4283181851108869, 0.3160008204480012, 0.35361022502183914, 0.38266295070449513, 0.2910965718328953, 0.26733620340625447, 0.28842834134896594, 0.26306768630941707, 0.26650886610150337, 0.26455538844068843, 0.25122824559609097, 0.23619858796397844, 0.23756294697523117, 0.21503060373167196, 0.23732669527331987, 0.2004860956221819, 0.2343526855111122, 0.17976196793218455, 0.2131390937914451, 0.21015159289042154, 0.1666784125069777, 0.21908145335813364, 0.2254929281771183, 0.2246892899274826, 0.1906985193490982, 0.21664105852444968, 0.20108666084706783, 0.19783098498980203, 0.21806377669175467, 0.20190859586000443, 0.18831919009486833, 0.20232027086118856, 0.20017951664825281, 0.19413934151331583, 0.21820260832707086, 0.18337264781196913], "val_col": [0.5992222627003988, 0.5978860259056091, 0.6002168158690134, 0.5942844798167547, 0.5957222481568655, 0.5917744835217794, 0.5952427337567011, 0.5913347701231638, 0.5949317663908005, 0.5935594141483307, 0.5932964533567429, 0.5912836790084839, 0.5908771206935247, 0.5912519693374634, 0.5910702993472418, 0.5928471187750498, 0.5911601384480795, 0.5897476077079773, 0.5893850748737653, 0.5910404771566391, 0.5905624032020569, 0.5917175114154816, 0.5920923997958502, 0.5955691287914912, 0.5933898637692133, 0.59446253379186, 0.5941835890213648, 0.5963004032770792, 0.59306983401378, 0.5936942448218664, 0.5952687511841456, 0.5946556826432546, 0.5935201322038969, 0.5947457949320475, 0.5934009303649267, 0.593995119134585, 0.5960846791664759, 0.5977589438358942, 0.5966238379478455]}